county_code	county_name
01001	Autauga County, AL
01003	Baldwin County, AL
01005	Barbour County, AL
01007	Bibb County, AL
01009	Blount County, AL
01015	Calhoun County, AL
01017	Chambers County, AL
01021	Chilton County, AL
01031	Coffee County, AL
01033	Colbert County, AL
01037	Coosa County, AL
01043	Cullman County, AL
01045	Dale County, AL
01047	Dallas County, AL
01049	DeKalb County, AL
01051	Elmore County, AL
01055	Etowah County, AL
01059	Franklin County, AL
01061	Geneva County, AL
01063	Greene County, AL
01065	Hale County, AL
01067	Henry County, AL
01069	Houston County, AL
01071	Jackson County, AL
01073	Jefferson County, AL
01077	Lauderdale County, AL
01079	Lawrence County, AL
01081	Lee County, AL
01083	Limestone County, AL
01085	Lowndes County, AL
01087	Macon County, AL
01089	Madison County, AL
01095	Marshall County, AL
01097	Mobile County, AL
01101	Montgomery County, AL
01103	Morgan County, AL
01107	Pickens County, AL
01109	Pike County, AL
01113	Russell County, AL
01115	St. Clair County, AL
01117	Shelby County, AL
01121	Talladega County, AL
01123	Tallapoosa County, AL
01125	Tuscaloosa County, AL
01127	Walker County, AL
02020	Anchorage Municipality, AK
02090	Fairbanks North Star Borough, AK
02110	Juneau City and Borough, AK
02130	Ketchikan Gateway Borough, AK
02170	Matanuska-Susitna Borough, AK
04003	Cochise County, AZ
04005	Coconino County, AZ
04007	Gila County, AZ
04009	Graham County, AZ
04013	Maricopa County, AZ
04015	Mohave County, AZ
04017	Navajo County, AZ
04019	Pima County, AZ
04021	Pinal County, AZ
04023	Santa Cruz County, AZ
04025	Yavapai County, AZ
04027	Yuma County, AZ
05005	Baxter County, AR
05007	Benton County, AR
05009	Boone County, AR
05013	Calhoun County, AR
05019	Clark County, AR
05025	Cleveland County, AR
05027	Columbia County, AR
05031	Craighead County, AR
05033	Crawford County, AR
05035	Crittenden County, AR
05045	Faulkner County, AR
05051	Garland County, AR
05053	Grant County, AR
05055	Greene County, AR
05059	Hot Spring County, AR
05063	Independence County, AR
05069	Jefferson County, AR
05079	Lincoln County, AR
05081	Little River County, AR
05085	Lonoke County, AR
05087	Madison County, AR
05091	Miller County, AR
05093	Mississippi County, AR
05101	Newton County, AR
05103	Ouachita County, AR
05105	Perry County, AR
05107	Phillips County, AR
05111	Poinsett County, AR
05115	Pope County, AR
05119	Pulaski County, AR
05123	St. Francis County, AR
05125	Saline County, AR
05131	Sebastian County, AR
05139	Union County, AR
05143	Washington County, AR
05145	White County, AR
05149	Yell County, AR
06001	Alameda County, CA
06003	Alpine County, CA
06007	Butte County, CA
06013	Contra Costa County, CA
06015	Del Norte County, CA
06017	El Dorado County, CA
06019	Fresno County, CA
06023	Humboldt County, CA
06025	Imperial County, CA
06027	Inyo County, CA
06029	Kern County, CA
06031	Kings County, CA
06033	Lake County, CA
06035	Lassen County, CA
06037	Los Angeles County, CA
06039	Madera County, CA
06041	Marin County, CA
06045	Mendocino County, CA
06047	Merced County, CA
06053	Monterey County, CA
06055	Napa County, CA
06057	Nevada County, CA
06059	Orange County, CA
06061	Placer County, CA
06065	Riverside County, CA
06067	Sacramento County, CA
06069	San Benito County, CA
06071	San Bernardino County, CA
06073	San Diego County, CA
06075	San Francisco County, CA
06077	San Joaquin County, CA
06079	San Luis Obispo County, CA
06081	San Mateo County, CA
06083	Santa Barbara County, CA
06085	Santa Clara County, CA
06087	Santa Cruz County, CA
06089	Shasta County, CA
06095	Solano County, CA
06097	Sonoma County, CA
06099	Stanislaus County, CA
06101	Sutter County, CA
06103	Tehama County, CA
06107	Tulare County, CA
06109	Tuolumne County, CA
06111	Ventura County, CA
06113	Yolo County, CA
06115	Yuba County, CA
08001	Adams County, CO
08003	Alamosa County, CO
08005	Arapahoe County, CO
08013	Boulder County, CO
08014	Broomfield County, CO
08019	Clear Creek County, CO
08021	Conejos County, CO
08023	Costilla County, CO
08031	Denver County, CO
08035	Douglas County, CO
08037	Eagle County, CO
08039	Elbert County, CO
08041	El Paso County, CO
08043	Fremont County, CO
08045	Garfield County, CO
08047	Gilpin County, CO
08059	Jefferson County, CO
08065	Lake County, CO
08067	La Plata County, CO
08069	Larimer County, CO
08075	Logan County, CO
08077	Mesa County, CO
08081	Moffat County, CO
08085	Montrose County, CO
08087	Morgan County, CO
08093	Park County, CO
08097	Pitkin County, CO
08101	Pueblo County, CO
08107	Routt County, CO
08117	Summit County, CO
08119	Teller County, CO
08123	Weld County, CO
09001	Fairfield County, CT
09003	Hartford County, CT
09005	Litchfield County, CT
09007	Middlesex County, CT
09009	New Haven County, CT
09011	New London County, CT
09013	Tolland County, CT
09015	Windham County, CT
09110	Capitol Planning Region, CT
09120	Greater Bridgeport Planning Region, CT
09130	Lower Connecticut River Valley Planning Region, CT
09140	Naugatuck Valley Planning Region, CT
09150	Northeastern Connecticut Planning Region, CT
09160	Northwest Hills Planning Region, CT
09170	South Central Connecticut Planning Region, CT
09180	Southeastern Connecticut Planning Region, CT
09190	Western Connecticut Planning Region, CT
10001	Kent County, DE
10003	New Castle County, DE
10005	Sussex County, DE
11001	District of Columbia, DC
12001	Alachua County, FL
12003	Baker County, FL
12005	Bay County, FL
12009	Brevard County, FL
12011	Broward County, FL
12015	Charlotte County, FL
12017	Citrus County, FL
12019	Clay County, FL
12021	Collier County, FL
12023	Columbia County, FL
12027	DeSoto County, FL
12031	Duval County, FL
12033	Escambia County, FL
12035	Flagler County, FL
12039	Gadsden County, FL
12041	Gilchrist County, FL
12043	Glades County, FL
12045	Gulf County, FL
12049	Hardee County, FL
12051	Hendry County, FL
12053	Hernando County, FL
12055	Highlands County, FL
12057	Hillsborough County, FL
12061	Indian River County, FL
12065	Jefferson County, FL
12069	Lake County, FL
12071	Lee County, FL
12073	Leon County, FL
12075	Levy County, FL
12081	Manatee County, FL
12083	Marion County, FL
12085	Martin County, FL
12086	Miami-Dade County, FL
12087	Monroe County, FL
12089	Nassau County, FL
12091	Okaloosa County, FL
12093	Okeechobee County, FL
12095	Orange County, FL
12097	Osceola County, FL
12099	Palm Beach County, FL
12101	Pasco County, FL
12103	Pinellas County, FL
12105	Polk County, FL
12107	Putnam County, FL
12109	St. Johns County, FL
12111	St. Lucie County, FL
12113	Santa Rosa County, FL
12115	Sarasota County, FL
12117	Seminole County, FL
12119	Sumter County, FL
12127	Volusia County, FL
12129	Wakulla County, FL
12131	Walton County, FL
12133	Washington County, FL
13003	Atkinson County, GA
13007	Baker County, GA
13009	Baldwin County, GA
13013	Barrow County, GA
13015	Bartow County, GA
13017	Ben Hill County, GA
13021	Bibb County, GA
13025	Brantley County, GA
13027	Brooks County, GA
13029	Bryan County, GA
13031	Bulloch County, GA
13033	Burke County, GA
13035	Butts County, GA
13039	Camden County, GA
13045	Carroll County, GA
13047	Catoosa County, GA
13051	Chatham County, GA
13053	Chattahoochee County, GA
13055	Chattooga County, GA
13057	Cherokee County, GA
13059	Clarke County, GA
13063	Clayton County, GA
13067	Cobb County, GA
13069	Coffee County, GA
13071	Colquitt County, GA
13073	Columbia County, GA
13077	Coweta County, GA
13079	Crawford County, GA
13081	Crisp County, GA
13083	Dade County, GA
13085	Dawson County, GA
13087	Decatur County, GA
13089	DeKalb County, GA
13095	Dougherty County, GA
13097	Douglas County, GA
13101	Echols County, GA
13103	Effingham County, GA
13109	Evans County, GA
13113	Fayette County, GA
13115	Floyd County, GA
13117	Forsyth County, GA
13121	Fulton County, GA
13127	Glynn County, GA
13129	Gordon County, GA
13131	Grady County, GA
13135	Gwinnett County, GA
13137	Habersham County, GA
13139	Hall County, GA
13141	Hancock County, GA
13143	Haralson County, GA
13145	Harris County, GA
13149	Heard County, GA
13151	Henry County, GA
13153	Houston County, GA
13157	Jackson County, GA
13159	Jasper County, GA
13167	Johnson County, GA
13169	Jones County, GA
13171	Lamar County, GA
13173	Lanier County, GA
13175	Laurens County, GA
13177	Lee County, GA
13179	Liberty County, GA
13181	Lincoln County, GA
13183	Long County, GA
13185	Lowndes County, GA
13187	Lumpkin County, GA
13189	McDuffie County, GA
13191	McIntosh County, GA
13195	Madison County, GA
13197	Marion County, GA
13199	Meriwether County, GA
13207	Monroe County, GA
13209	Montgomery County, GA
13211	Morgan County, GA
13213	Murray County, GA
13215	Muscogee County, GA
13217	Newton County, GA
13219	Oconee County, GA
13221	Oglethorpe County, GA
13223	Paulding County, GA
13225	Peach County, GA
13227	Pickens County, GA
13229	Pierce County, GA
13231	Pike County, GA
13233	Polk County, GA
13235	Pulaski County, GA
13239	Quitman County, GA
13245	Richmond County, GA
13247	Rockdale County, GA
13249	Schley County, GA
13255	Spalding County, GA
13257	Stephens County, GA
13259	Stewart County, GA
13261	Sumter County, GA
13263	Talbot County, GA
13273	Terrell County, GA
13275	Thomas County, GA
13277	Tift County, GA
13279	Toombs County, GA
13285	Troup County, GA
13287	Turner County, GA
13289	Twiggs County, GA
13293	Upson County, GA
13295	Walker County, GA
13297	Walton County, GA
13299	Ware County, GA
13305	Wayne County, GA
13313	Whitfield County, GA
13321	Worth County, GA
15001	Hawaii County, HI
15003	Honolulu County, HI
15005	Kalawao County, HI
15007	Kauai County, HI
15009	Maui County, HI
16001	Ada County, ID
16005	Bannock County, ID
16011	Bingham County, ID
16013	Blaine County, ID
16015	Boise County, ID
16017	Bonner County, ID
16019	Bonneville County, ID
16023	Butte County, ID
16025	Camas County, ID
16027	Canyon County, ID
16031	Cassia County, ID
16039	Elmore County, ID
16041	Franklin County, ID
16043	Fremont County, ID
16045	Gem County, ID
16051	Jefferson County, ID
16053	Jerome County, ID
16055	Kootenai County, ID
16057	Latah County, ID
16063	Lincoln County, ID
16065	Madison County, ID
16067	Minidoka County, ID
16069	Nez Perce County, ID
16071	Oneida County, ID
16073	Owyhee County, ID
16075	Payette County, ID
16081	Teton County, ID
16083	Twin Falls County, ID
17001	Adams County, IL
17003	Alexander County, IL
17005	Bond County, IL
17007	Boone County, IL
17011	Bureau County, IL
17013	Calhoun County, IL
17019	Champaign County, IL
17021	Christian County, IL
17027	Clinton County, IL
17029	Coles County, IL
17031	Cook County, IL
17035	Cumberland County, IL
17037	DeKalb County, IL
17039	De Witt County, IL
17043	DuPage County, IL
17049	Effingham County, IL
17053	Ford County, IL
17057	Fulton County, IL
17063	Grundy County, IL
17067	Hancock County, IL
17071	Henderson County, IL
17073	Henry County, IL
17077	Jackson County, IL
17081	Jefferson County, IL
17083	Jersey County, IL
17089	Kane County, IL
17091	Kankakee County, IL
17093	Kendall County, IL
17095	Knox County, IL
17097	Lake County, IL
17099	LaSalle County, IL
17103	Lee County, IL
17105	Livingston County, IL
17107	Logan County, IL
17109	McDonough County, IL
17111	McHenry County, IL
17113	McLean County, IL
17115	Macon County, IL
17117	Macoupin County, IL
17119	Madison County, IL
17121	Marion County, IL
17123	Marshall County, IL
17127	Massac County, IL
17129	Menard County, IL
17131	Mercer County, IL
17133	Monroe County, IL
17137	Morgan County, IL
17141	Ogle County, IL
17143	Peoria County, IL
17147	Piatt County, IL
17155	Putnam County, IL
17161	Rock Island County, IL
17163	St. Clair County, IL
17167	Sangamon County, IL
17171	Scott County, IL
17175	Stark County, IL
17177	Stephenson County, IL
17179	Tazewell County, IL
17183	Vermilion County, IL
17195	Whiteside County, IL
17197	Will County, IL
17199	Williamson County, IL
17201	Winnebago County, IL
17203	Woodford County, IL
18001	Adams County, IN
18003	Allen County, IN
18005	Bartholomew County, IN
18007	Benton County, IN
18011	Boone County, IN
18013	Brown County, IN
18015	Carroll County, IN
18017	Cass County, IN
18019	Clark County, IN
18021	Clay County, IN
18023	Clinton County, IN
18027	Daviess County, IN
18029	Dearborn County, IN
18031	Decatur County, IN
18033	DeKalb County, IN
18035	Delaware County, IN
18037	Dubois County, IN
18039	Elkhart County, IN
18041	Fayette County, IN
18043	Floyd County, IN
18047	Franklin County, IN
18053	Grant County, IN
18057	Hamilton County, IN
18059	Hancock County, IN
18061	Harrison County, IN
18063	Hendricks County, IN
18065	Henry County, IN
18067	Howard County, IN
18069	Huntington County, IN
18071	Jackson County, IN
18073	Jasper County, IN
18077	Jefferson County, IN
18079	Jennings County, IN
18081	Johnson County, IN
18083	Knox County, IN
18085	Kosciusko County, IN
18089	Lake County, IN
18091	LaPorte County, IN
18093	Lawrence County, IN
18095	Madison County, IN
18097	Marion County, IN
18099	Marshall County, IN
18103	Miami County, IN
18105	Monroe County, IN
18107	Montgomery County, IN
18109	Morgan County, IN
18111	Newton County, IN
18113	Noble County, IN
18115	Ohio County, IN
18119	Owen County, IN
18125	Pike County, IN
18127	Porter County, IN
18129	Posey County, IN
18133	Putnam County, IN
18141	St. Joseph County, IN
18143	Scott County, IN
18145	Shelby County, IN
18151	Steuben County, IN
18153	Sullivan County, IN
18157	Tippecanoe County, IN
18159	Tipton County, IN
18161	Union County, IN
18163	Vanderburgh County, IN
18165	Vermillion County, IN
18167	Vigo County, IN
18169	Wabash County, IN
18171	Warren County, IN
18173	Warrick County, IN
18175	Washington County, IN
18177	Wayne County, IN
18179	Wells County, IN
18181	White County, IN
18183	Whitley County, IN
19011	Benton County, IA
19013	Black Hawk County, IA
19015	Boone County, IA
19017	Bremer County, IA
19021	Buena Vista County, IA
19027	Carroll County, IA
19033	Cerro Gordo County, IA
19041	Clay County, IA
19045	Clinton County, IA
19049	Dallas County, IA
19051	Davis County, IA
19057	Des Moines County, IA
19059	Dickinson County, IA
19061	Dubuque County, IA
19075	Grundy County, IA
19077	Guthrie County, IA
19085	Harrison County, IA
19099	Jasper County, IA
19101	Jefferson County, IA
19103	Johnson County, IA
19105	Jones County, IA
19111	Lee County, IA
19113	Linn County, IA
19121	Madison County, IA
19123	Mahaska County, IA
19125	Marion County, IA
19127	Marshall County, IA
19129	Mills County, IA
19139	Muscatine County, IA
19149	Plymouth County, IA
19153	Polk County, IA
19155	Pottawattamie County, IA
19163	Scott County, IA
19169	Story County, IA
19179	Wapello County, IA
19181	Warren County, IA
19183	Washington County, IA
19187	Webster County, IA
19193	Woodbury County, IA
19195	Worth County, IA
20005	Atchison County, KS
20009	Barton County, KS
20015	Butler County, KS
20017	Chase County, KS
20021	Cherokee County, KS
20035	Cowley County, KS
20037	Crawford County, KS
20043	Doniphan County, KS
20045	Douglas County, KS
20051	Ellis County, KS
20055	Finney County, KS
20057	Ford County, KS
20059	Franklin County, KS
20061	Geary County, KS
20079	Harvey County, KS
20085	Jackson County, KS
20087	Jefferson County, KS
20091	Johnson County, KS
20093	Kearny County, KS
20095	Kingman County, KS
20099	Labette County, KS
20103	Leavenworth County, KS
20107	Linn County, KS
20111	Lyon County, KS
20113	McPherson County, KS
20121	Miami County, KS
20125	Montgomery County, KS
20139	Osage County, KS
20143	Ottawa County, KS
20149	Pottawatomie County, KS
20155	Reno County, KS
20161	Riley County, KS
20169	Saline County, KS
20173	Sedgwick County, KS
20175	Seward County, KS
20177	Shawnee County, KS
20191	Sumner County, KS
20197	Wabaunsee County, KS
20209	Wyandotte County, KS
21003	Allen County, KY
21005	Anderson County, KY
21007	Ballard County, KY
21009	Barren County, KY
21011	Bath County, KY
21013	Bell County, KY
21015	Boone County, KY
21017	Bourbon County, KY
21019	Boyd County, KY
21021	Boyle County, KY
21023	Bracken County, KY
21029	Bullitt County, KY
21031	Butler County, KY
21035	Calloway County, KY
21037	Campbell County, KY
21039	Carlisle County, KY
21043	Carter County, KY
21047	Christian County, KY
21049	Clark County, KY
21051	Clay County, KY
21059	Daviess County, KY
21061	Edmonson County, KY
21065	Estill County, KY
21067	Fayette County, KY
21071	Floyd County, KY
21073	Franklin County, KY
21075	Fulton County, KY
21077	Gallatin County, KY
21081	Grant County, KY
21083	Graves County, KY
21087	Green County, KY
21089	Greenup County, KY
21091	Hancock County, KY
21093	Hardin County, KY
21101	Henderson County, KY
21103	Henry County, KY
21107	Hopkins County, KY
21111	Jefferson County, KY
21113	Jessamine County, KY
21117	Kenton County, KY
21121	Knox County, KY
21123	Larue County, KY
21125	Laurel County, KY
21127	Lawrence County, KY
21137	Lincoln County, KY
21139	Livingston County, KY
21145	McCracken County, KY
21149	McLean County, KY
21151	Madison County, KY
21161	Mason County, KY
21163	Meade County, KY
21165	Menifee County, KY
21169	Metcalfe County, KY
21173	Montgomery County, KY
21179	Nelson County, KY
21185	Oldham County, KY
21191	Pendleton County, KY
21195	Pike County, KY
21199	Pulaski County, KY
21203	Rockcastle County, KY
21209	Scott County, KY
21211	Shelby County, KY
21213	Simpson County, KY
21215	Spencer County, KY
21217	Taylor County, KY
21221	Trigg County, KY
21223	Trimble County, KY
21227	Warren County, KY
21233	Webster County, KY
21235	Whitley County, KY
21239	Woodford County, KY
22001	Acadia Parish, LA
22005	Ascension Parish, LA
22007	Assumption Parish, LA
22011	Beauregard Parish, LA
22015	Bossier Parish, LA
22017	Caddo Parish, LA
22019	Calcasieu Parish, LA
22023	Cameron Parish, LA
22029	Concordia Parish, LA
22031	De Soto Parish, LA
22033	East Baton Rouge Parish, LA
22037	East Feliciana Parish, LA
22043	Grant Parish, LA
22045	Iberia Parish, LA
22047	Iberville Parish, LA
22051	Jefferson Parish, LA
22053	Jefferson Davis Parish, LA
22055	Lafayette Parish, LA
22057	Lafourche Parish, LA
22061	Lincoln Parish, LA
22063	Livingston Parish, LA
22067	Morehouse Parish, LA
22069	Natchitoches Parish, LA
22071	Orleans Parish, LA
22073	Ouachita Parish, LA
22075	Plaquemines Parish, LA
22077	Pointe Coupee Parish, LA
22079	Rapides Parish, LA
22083	Richland Parish, LA
22087	St. Bernard Parish, LA
22089	St. Charles Parish, LA
22091	St. Helena Parish, LA
22093	St. James Parish, LA
22095	St. John the Baptist Parish, LA
22097	St. Landry Parish, LA
22099	St. Martin Parish, LA
22101	St. Mary Parish, LA
22103	St. Tammany Parish, LA
22105	Tangipahoa Parish, LA
22109	Terrebonne Parish, LA
22111	Union Parish, LA
22113	Vermilion Parish, LA
22115	Vernon Parish, LA
22117	Washington Parish, LA
22119	Webster Parish, LA
22121	West Baton Rouge Parish, LA
22125	West Feliciana Parish, LA
23001	Androscoggin County, ME
23005	Cumberland County, ME
23011	Kennebec County, ME
23019	Penobscot County, ME
23023	Sagadahoc County, ME
23031	York County, ME
24001	Allegany County, MD
24003	Anne Arundel County, MD
24005	Baltimore County, MD
24009	Calvert County, MD
24013	Carroll County, MD
24015	Cecil County, MD
24017	Charles County, MD
24019	Dorchester County, MD
24021	Frederick County, MD
24025	Harford County, MD
24027	Howard County, MD
24031	Montgomery County, MD
24033	Prince George's County, MD
24035	Queen Anne's County, MD
24037	St. Mary's County, MD
24039	Somerset County, MD
24041	Talbot County, MD
24043	Washington County, MD
24045	Wicomico County, MD
24047	Worcester County, MD
24510	Baltimore city, MD
25001	Barnstable County, MA
25003	Berkshire County, MA
25005	Bristol County, MA
25007	Dukes County, MA
25009	Essex County, MA
25011	Franklin County, MA
25013	Hampden County, MA
25015	Hampshire County, MA
25017	Middlesex County, MA
25019	Nantucket County, MA
25021	Norfolk County, MA
25023	Plymouth County, MA
25025	Suffolk County, MA
25027	Worcester County, MA
26005	Allegan County, MI
26007	Alpena County, MI
26015	Barry County, MI
26017	Bay County, MI
26019	Benzie County, MI
26021	Berrien County, MI
26023	Branch County, MI
26025	Calhoun County, MI
26027	Cass County, MI
26033	Chippewa County, MI
26037	Clinton County, MI
26041	Delta County, MI
26043	Dickinson County, MI
26045	Eaton County, MI
26047	Emmet County, MI
26049	Genesee County, MI
26055	Grand Traverse County, MI
26057	Gratiot County, MI
26059	Hillsdale County, MI
26061	Houghton County, MI
26065	Ingham County, MI
26067	Ionia County, MI
26073	Isabella County, MI
26075	Jackson County, MI
26077	Kalamazoo County, MI
26079	Kalkaska County, MI
26081	Kent County, MI
26083	Keweenaw County, MI
26087	Lapeer County, MI
26089	Leelanau County, MI
26091	Lenawee County, MI
26093	Livingston County, MI
26099	Macomb County, MI
26103	Marquette County, MI
26105	Mason County, MI
26107	Mecosta County, MI
26109	Menominee County, MI
26111	Midland County, MI
26113	Missaukee County, MI
26115	Monroe County, MI
26117	Montcalm County, MI
26121	Muskegon County, MI
26125	Oakland County, MI
26139	Ottawa County, MI
26145	Saginaw County, MI
26147	St. Clair County, MI
26149	St. Joseph County, MI
26155	Shiawassee County, MI
26159	Van Buren County, MI
26161	Washtenaw County, MI
26163	Wayne County, MI
26165	Wexford County, MI
27003	Anoka County, MN
27005	Becker County, MN
27007	Beltrami County, MN
27009	Benton County, MN
27013	Blue Earth County, MN
27015	Brown County, MN
27017	Carlton County, MN
27019	Carver County, MN
27021	Cass County, MN
27025	Chisago County, MN
27027	Clay County, MN
27035	Crow Wing County, MN
27037	Dakota County, MN
27039	Dodge County, MN
27041	Douglas County, MN
27045	Fillmore County, MN
27047	Freeborn County, MN
27049	Goodhue County, MN
27053	Hennepin County, MN
27055	Houston County, MN
27059	Isanti County, MN
27061	Itasca County, MN
27067	Kandiyohi County, MN
27079	Le Sueur County, MN
27083	Lyon County, MN
27085	McLeod County, MN
27091	Martin County, MN
27095	Mille Lacs County, MN
27099	Mower County, MN
27103	Nicollet County, MN
27105	Nobles County, MN
27109	Olmsted County, MN
27111	Otter Tail County, MN
27119	Polk County, MN
27123	Ramsey County, MN
27131	Rice County, MN
27133	Rock County, MN
27137	St. Louis County, MN
27139	Scott County, MN
27141	Sherburne County, MN
27143	Sibley County, MN
27145	Stearns County, MN
27147	Steele County, MN
27157	Wabasha County, MN
27163	Washington County, MN
27167	Wilkin County, MN
27169	Winona County, MN
27171	Wright County, MN
28001	Adams County, MS
28003	Alcorn County, MS
28005	Amite County, MS
28009	Benton County, MS
28011	Bolivar County, MS
28015	Carroll County, MS
28021	Claiborne County, MS
28023	Clarke County, MS
28027	Coahoma County, MS
28029	Copiah County, MS
28033	DeSoto County, MS
28035	Forrest County, MS
28043	Grenada County, MS
28045	Hancock County, MS
28047	Harrison County, MS
28049	Hinds County, MS
28051	Holmes County, MS
28057	Itawamba County, MS
28059	Jackson County, MS
28061	Jasper County, MS
28063	Jefferson County, MS
28067	Jones County, MS
28069	Kemper County, MS
28071	Lafayette County, MS
28073	Lamar County, MS
28075	Lauderdale County, MS
28081	Lee County, MS
28083	Leflore County, MS
28085	Lincoln County, MS
28087	Lowndes County, MS
28089	Madison County, MS
28093	Marshall County, MS
28097	Montgomery County, MS
28103	Noxubee County, MS
28105	Oktibbeha County, MS
28109	Pearl River County, MS
28111	Perry County, MS
28113	Pike County, MS
28115	Pontotoc County, MS
28117	Prentiss County, MS
28121	Rankin County, MS
28123	Scott County, MS
28127	Simpson County, MS
28131	Stone County, MS
28133	Sunflower County, MS
28137	Tate County, MS
28143	Tunica County, MS
28147	Walthall County, MS
28149	Warren County, MS
28151	Washington County, MS
28155	Webster County, MS
28161	Yalobusha County, MS
28163	Yazoo County, MS
29001	Adair County, MO
29003	Andrew County, MO
29007	Audrain County, MO
29013	Bates County, MO
29017	Bollinger County, MO
29019	Boone County, MO
29021	Buchanan County, MO
29023	Butler County, MO
29025	Caldwell County, MO
29027	Callaway County, MO
29031	Cape Girardeau County, MO
29037	Cass County, MO
29043	Christian County, MO
29045	Clark County, MO
29047	Clay County, MO
29049	Clinton County, MO
29051	Cole County, MO
29053	Cooper County, MO
29059	Dallas County, MO
29063	DeKalb County, MO
29069	Dunklin County, MO
29071	Franklin County, MO
29077	Greene County, MO
29089	Howard County, MO
29091	Howell County, MO
29095	Jackson County, MO
29097	Jasper County, MO
29099	Jefferson County, MO
29101	Johnson County, MO
29105	Laclede County, MO
29107	Lafayette County, MO
29111	Lewis County, MO
29113	Lincoln County, MO
29119	McDonald County, MO
29127	Marion County, MO
29133	Mississippi County, MO
29135	Moniteau County, MO
29145	Newton County, MO
29147	Nodaway County, MO
29151	Osage County, MO
29159	Pettis County, MO
29161	Phelps County, MO
29165	Platte County, MO
29167	Polk County, MO
29169	Pulaski County, MO
29173	Ralls County, MO
29175	Randolph County, MO
29177	Ray County, MO
29183	St. Charles County, MO
29187	St. Francois County, MO
29189	St. Louis County, MO
29195	Saline County, MO
29197	Schuyler County, MO
29201	Scott County, MO
29209	Stone County, MO
29213	Taney County, MO
29219	Warren County, MO
29225	Webster County, MO
29510	St. Louis city, MO
30007	Broadwater County, MT
30009	Carbon County, MT
30013	Cascade County, MT
30029	Flathead County, MT
30031	Gallatin County, MT
30037	Golden Valley County, MT
30043	Jefferson County, MT
30049	Lewis and Clark County, MT
30061	Mineral County, MT
30063	Missoula County, MT
30093	Silver Bow County, MT
30095	Stillwater County, MT
30111	Yellowstone County, MT
31001	Adams County, NE
31007	Banner County, NE
31019	Buffalo County, NE
31025	Cass County, NE
31035	Clay County, NE
31037	Colfax County, NE
31043	Dakota County, NE
31047	Dawson County, NE
31051	Dixon County, NE
31053	Dodge County, NE
31055	Douglas County, NE
31067	Gage County, NE
31073	Gosper County, NE
31079	Hall County, NE
31081	Hamilton County, NE
31093	Howard County, NE
31099	Kearney County, NE
31109	Lancaster County, NE
31111	Lincoln County, NE
31113	Logan County, NE
31117	McPherson County, NE
31119	Madison County, NE
31121	Merrick County, NE
31139	Pierce County, NE
31141	Platte County, NE
31153	Sarpy County, NE
31155	Saunders County, NE
31157	Scotts Bluff County, NE
31159	Seward County, NE
31165	Sioux County, NE
31167	Stanton County, NE
31177	Washington County, NE
31181	Webster County, NE
32001	Churchill County, NV
32003	Clark County, NV
32005	Douglas County, NV
32007	Elko County, NV
32011	Eureka County, NV
32013	Humboldt County, NV
32019	Lyon County, NV
32023	Nye County, NV
32029	Storey County, NV
32031	Washoe County, NV
32510	Carson City, NV
33001	Belknap County, NH
33005	Cheshire County, NH
33007	Coos County, NH
33009	Grafton County, NH
33011	Hillsborough County, NH
33013	Merrimack County, NH
33015	Rockingham County, NH
33017	Strafford County, NH
33019	Sullivan County, NH
34001	Atlantic County, NJ
34003	Bergen County, NJ
34005	Burlington County, NJ
34007	Camden County, NJ
34009	Cape May County, NJ
34011	Cumberland County, NJ
34013	Essex County, NJ
34015	Gloucester County, NJ
34017	Hudson County, NJ
34019	Hunterdon County, NJ
34021	Mercer County, NJ
34023	Middlesex County, NJ
34025	Monmouth County, NJ
34027	Morris County, NJ
34029	Ocean County, NJ
34031	Passaic County, NJ
34033	Salem County, NJ
34035	Somerset County, NJ
34037	Sussex County, NJ
34039	Union County, NJ
34041	Warren County, NJ
35001	Bernalillo County, NM
35005	Chaves County, NM
35006	Cibola County, NM
35009	Curry County, NM
35013	Do√±a Ana County, NM
35015	Eddy County, NM
35017	Grant County, NM
35025	Lea County, NM
35027	Lincoln County, NM
35028	Los Alamos County, NM
35029	Luna County, NM
35031	McKinley County, NM
35033	Mora County, NM
35035	Otero County, NM
35039	Rio Arriba County, NM
35041	Roosevelt County, NM
35043	Sandoval County, NM
35045	San Juan County, NM
35047	San Miguel County, NM
35049	Santa Fe County, NM
35055	Taos County, NM
35057	Torrance County, NM
35061	Valencia County, NM
36001	Albany County, NY
36005	Bronx County, NY
36007	Broome County, NY
36009	Cattaraugus County, NY
36011	Cayuga County, NY
36013	Chautauqua County, NY
36015	Chemung County, NY
36019	Clinton County, NY
36021	Columbia County, NY
36023	Cortland County, NY
36027	Dutchess County, NY
36029	Erie County, NY
36033	Franklin County, NY
36035	Fulton County, NY
36037	Genesee County, NY
36043	Herkimer County, NY
36045	Jefferson County, NY
36047	Kings County, NY
36051	Livingston County, NY
36053	Madison County, NY
36055	Monroe County, NY
36057	Montgomery County, NY
36059	Nassau County, NY
36061	New York County, NY
36063	Niagara County, NY
36065	Oneida County, NY
36067	Onondaga County, NY
36069	Ontario County, NY
36071	Orange County, NY
36073	Orleans County, NY
36075	Oswego County, NY
36077	Otsego County, NY
36079	Putnam County, NY
36081	Queens County, NY
36083	Rensselaer County, NY
36085	Richmond County, NY
36087	Rockland County, NY
36089	St. Lawrence County, NY
36091	Saratoga County, NY
36093	Schenectady County, NY
36095	Schoharie County, NY
36099	Seneca County, NY
36101	Steuben County, NY
36103	Suffolk County, NY
36105	Sullivan County, NY
36107	Tioga County, NY
36109	Tompkins County, NY
36111	Ulster County, NY
36113	Warren County, NY
36115	Washington County, NY
36117	Wayne County, NY
36119	Westchester County, NY
36123	Yates County, NY
37001	Alamance County, NC
37003	Alexander County, NC
37007	Anson County, NC
37013	Beaufort County, NC
37019	Brunswick County, NC
37021	Buncombe County, NC
37023	Burke County, NC
37025	Cabarrus County, NC
37027	Caldwell County, NC
37029	Camden County, NC
37031	Carteret County, NC
37035	Catawba County, NC
37037	Chatham County, NC
37045	Cleveland County, NC
37049	Craven County, NC
37051	Cumberland County, NC
37053	Currituck County, NC
37055	Dare County, NC
37057	Davidson County, NC
37059	Davie County, NC
37063	Durham County, NC
37065	Edgecombe County, NC
37067	Forsyth County, NC
37069	Franklin County, NC
37071	Gaston County, NC
37073	Gates County, NC
37077	Granville County, NC
37081	Guilford County, NC
37083	Halifax County, NC
37085	Harnett County, NC
37087	Haywood County, NC
37089	Henderson County, NC
37093	Hoke County, NC
37097	Iredell County, NC
37099	Jackson County, NC
37101	Johnston County, NC
37103	Jones County, NC
37105	Lee County, NC
37107	Lenoir County, NC
37109	Lincoln County, NC
37111	McDowell County, NC
37115	Madison County, NC
37119	Mecklenburg County, NC
37125	Moore County, NC
37127	Nash County, NC
37129	New Hanover County, NC
37131	Northampton County, NC
37133	Onslow County, NC
37135	Orange County, NC
37137	Pamlico County, NC
37139	Pasquotank County, NC
37141	Pender County, NC
37143	Perquimans County, NC
37145	Person County, NC
37147	Pitt County, NC
37151	Randolph County, NC
37153	Richmond County, NC
37155	Robeson County, NC
37157	Rockingham County, NC
37159	Rowan County, NC
37161	Rutherford County, NC
37165	Scotland County, NC
37167	Stanly County, NC
37169	Stokes County, NC
37171	Surry County, NC
37175	Transylvania County, NC
37177	Tyrrell County, NC
37179	Union County, NC
37181	Vance County, NC
37183	Wake County, NC
37189	Watauga County, NC
37191	Wayne County, NC
37193	Wilkes County, NC
37195	Wilson County, NC
37197	Yadkin County, NC
38007	Billings County, ND
38015	Burleigh County, ND
38017	Cass County, ND
38025	Dunn County, ND
38035	Grand Forks County, ND
38049	McHenry County, ND
38059	Morton County, ND
38065	Oliver County, ND
38075	Renville County, ND
38077	Richland County, ND
38085	Sioux County, ND
38089	Stark County, ND
38093	Stutsman County, ND
38101	Ward County, ND
38105	Williams County, ND
39003	Allen County, OH
39005	Ashland County, OH
39007	Ashtabula County, OH
39009	Athens County, OH
39011	Auglaize County, OH
39013	Belmont County, OH
39015	Brown County, OH
39017	Butler County, OH
39019	Carroll County, OH
39021	Champaign County, OH
39023	Clark County, OH
39025	Clermont County, OH
39027	Clinton County, OH
39029	Columbiana County, OH
39031	Coshocton County, OH
39033	Crawford County, OH
39035	Cuyahoga County, OH
39037	Darke County, OH
39039	Defiance County, OH
39041	Delaware County, OH
39043	Erie County, OH
39045	Fairfield County, OH
39047	Fayette County, OH
39049	Franklin County, OH
39051	Fulton County, OH
39053	Gallia County, OH
39055	Geauga County, OH
39057	Greene County, OH
39059	Guernsey County, OH
39061	Hamilton County, OH
39063	Hancock County, OH
39073	Hocking County, OH
39077	Huron County, OH
39079	Jackson County, OH
39081	Jefferson County, OH
39083	Knox County, OH
39085	Lake County, OH
39087	Lawrence County, OH
39089	Licking County, OH
39091	Logan County, OH
39093	Lorain County, OH
39095	Lucas County, OH
39097	Madison County, OH
39099	Mahoning County, OH
39101	Marion County, OH
39103	Medina County, OH
39107	Mercer County, OH
39109	Miami County, OH
39113	Montgomery County, OH
39117	Morrow County, OH
39119	Muskingum County, OH
39123	Ottawa County, OH
39127	Perry County, OH
39129	Pickaway County, OH
39133	Portage County, OH
39139	Richland County, OH
39141	Ross County, OH
39143	Sandusky County, OH
39145	Scioto County, OH
39147	Seneca County, OH
39149	Shelby County, OH
39151	Stark County, OH
39153	Summit County, OH
39155	Trumbull County, OH
39157	Tuscarawas County, OH
39159	Union County, OH
39161	Van Wert County, OH
39165	Warren County, OH
39167	Washington County, OH
39169	Wayne County, OH
39173	Wood County, OH
40009	Beckham County, OK
40013	Bryan County, OK
40017	Canadian County, OK
40019	Carter County, OK
40021	Cherokee County, OK
40027	Cleveland County, OK
40031	Comanche County, OK
40033	Cotton County, OK
40037	Creek County, OK
40039	Custer County, OK
40047	Garfield County, OK
40051	Grady County, OK
40065	Jackson County, OK
40071	Kay County, OK
40079	Le Flore County, OK
40081	Lincoln County, OK
40083	Logan County, OK
40087	McClain County, OK
40101	Muskogee County, OK
40109	Oklahoma County, OK
40111	Okmulgee County, OK
40113	Osage County, OK
40115	Ottawa County, OK
40117	Pawnee County, OK
40119	Payne County, OK
40121	Pittsburg County, OK
40123	Pontotoc County, OK
40125	Pottawatomie County, OK
40131	Rogers County, OK
40135	Sequoyah County, OK
40137	Stephens County, OK
40139	Texas County, OK
40143	Tulsa County, OK
40145	Wagoner County, OK
40147	Washington County, OK
40149	Washita County, OK
40153	Woodward County, OK
41001	Baker County, OR
41003	Benton County, OR
41005	Clackamas County, OR
41007	Clatsop County, OR
41009	Columbia County, OR
41011	Coos County, OR
41013	Crook County, OR
41015	Curry County, OR
41017	Deschutes County, OR
41019	Douglas County, OR
41027	Hood River County, OR
41029	Jackson County, OR
41031	Jefferson County, OR
41033	Josephine County, OR
41035	Klamath County, OR
41039	Lane County, OR
41041	Lincoln County, OR
41043	Linn County, OR
41045	Malheur County, OR
41047	Marion County, OR
41049	Morrow County, OR
41051	Multnomah County, OR
41053	Polk County, OR
41059	Umatilla County, OR
41061	Union County, OR
41065	Wasco County, OR
41067	Washington County, OR
41071	Yamhill County, OR
42001	Adams County, PA
42003	Allegheny County, PA
42005	Armstrong County, PA
42007	Beaver County, PA
42011	Berks County, PA
42013	Blair County, PA
42015	Bradford County, PA
42017	Bucks County, PA
42019	Butler County, PA
42021	Cambria County, PA
42025	Carbon County, PA
42027	Centre County, PA
42029	Chester County, PA
42033	Clearfield County, PA
42035	Clinton County, PA
42037	Columbia County, PA
42039	Crawford County, PA
42041	Cumberland County, PA
42043	Dauphin County, PA
42045	Delaware County, PA
42047	Elk County, PA
42049	Erie County, PA
42051	Fayette County, PA
42055	Franklin County, PA
42061	Huntingdon County, PA
42063	Indiana County, PA
42069	Lackawanna County, PA
42071	Lancaster County, PA
42073	Lawrence County, PA
42075	Lebanon County, PA
42077	Lehigh County, PA
42079	Luzerne County, PA
42081	Lycoming County, PA
42083	McKean County, PA
42085	Mercer County, PA
42087	Mifflin County, PA
42089	Monroe County, PA
42091	Montgomery County, PA
42093	Montour County, PA
42095	Northampton County, PA
42097	Northumberland County, PA
42099	Perry County, PA
42101	Philadelphia County, PA
42103	Pike County, PA
42107	Schuylkill County, PA
42109	Snyder County, PA
42111	Somerset County, PA
42119	Union County, PA
42121	Venango County, PA
42123	Warren County, PA
42125	Washington County, PA
42129	Westmoreland County, PA
42131	Wyoming County, PA
42133	York County, PA
44001	Bristol County, RI
44003	Kent County, RI
44005	Newport County, RI
44007	Providence County, RI
44009	Washington County, RI
45001	Abbeville County, SC
45003	Aiken County, SC
45007	Anderson County, SC
45013	Beaufort County, SC
45015	Berkeley County, SC
45017	Calhoun County, SC
45019	Charleston County, SC
45021	Cherokee County, SC
45023	Chester County, SC
45031	Darlington County, SC
45035	Dorchester County, SC
45037	Edgefield County, SC
45039	Fairfield County, SC
45041	Florence County, SC
45043	Georgetown County, SC
45045	Greenville County, SC
45047	Greenwood County, SC
45051	Horry County, SC
45053	Jasper County, SC
45055	Kershaw County, SC
45057	Lancaster County, SC
45059	Laurens County, SC
45063	Lexington County, SC
45069	Marlboro County, SC
45071	Newberry County, SC
45073	Oconee County, SC
45075	Orangeburg County, SC
45077	Pickens County, SC
45079	Richland County, SC
45081	Saluda County, SC
45083	Spartanburg County, SC
45085	Sumter County, SC
45087	Union County, SC
45091	York County, SC
46005	Beadle County, SD
46011	Brookings County, SD
46013	Brown County, SD
46027	Clay County, SD
46029	Codington County, SD
46033	Custer County, SD
46035	Davison County, SD
46045	Edmunds County, SD
46061	Hanson County, SD
46065	Hughes County, SD
46081	Lawrence County, SD
46083	Lincoln County, SD
46087	McCook County, SD
46093	Meade County, SD
46099	Minnehaha County, SD
46103	Pennington County, SD
46111	Sanborn County, SD
46117	Stanley County, SD
46119	Sully County, SD
46125	Turner County, SD
46127	Union County, SD
46135	Yankton County, SD
47001	Anderson County, TN
47003	Bedford County, TN
47009	Blount County, TN
47011	Bradley County, TN
47013	Campbell County, TN
47015	Cannon County, TN
47019	Carter County, TN
47021	Cheatham County, TN
47023	Chester County, TN
47029	Cocke County, TN
47031	Coffee County, TN
47033	Crockett County, TN
47035	Cumberland County, TN
47037	Davidson County, TN
47043	Dickson County, TN
47045	Dyer County, TN
47047	Fayette County, TN
47051	Franklin County, TN
47053	Gibson County, TN
47057	Grainger County, TN
47059	Greene County, TN
47063	Hamblen County, TN
47065	Hamilton County, TN
47073	Hawkins County, TN
47079	Henry County, TN
47081	Hickman County, TN
47087	Jackson County, TN
47089	Jefferson County, TN
47093	Knox County, TN
47099	Lawrence County, TN
47103	Lincoln County, TN
47105	Loudon County, TN
47107	McMinn County, TN
47111	Macon County, TN
47113	Madison County, TN
47115	Marion County, TN
47117	Marshall County, TN
47119	Maury County, TN
47121	Meigs County, TN
47125	Montgomery County, TN
47127	Moore County, TN
47129	Morgan County, TN
47131	Obion County, TN
47133	Overton County, TN
47139	Polk County, TN
47141	Putnam County, TN
47143	Rhea County, TN
47145	Roane County, TN
47147	Robertson County, TN
47149	Rutherford County, TN
47153	Sequatchie County, TN
47155	Sevier County, TN
47157	Shelby County, TN
47159	Smith County, TN
47161	Stewart County, TN
47163	Sullivan County, TN
47165	Sumner County, TN
47167	Tipton County, TN
47169	Trousdale County, TN
47171	Unicoi County, TN
47173	Union County, TN
47177	Warren County, TN
47179	Washington County, TN
47183	Weakley County, TN
47185	White County, TN
47187	Williamson County, TN
47189	Wilson County, TN
48001	Anderson County, TX
48003	Andrews County, TX
48005	Angelina County, TX
48007	Aransas County, TX
48009	Archer County, TX
48011	Armstrong County, TX
48013	Atascosa County, TX
48015	Austin County, TX
48019	Bandera County, TX
48021	Bastrop County, TX
48025	Bee County, TX
48027	Bell County, TX
48029	Bexar County, TX
48035	Bosque County, TX
48037	Bowie County, TX
48039	Brazoria County, TX
48041	Brazos County, TX
48047	Brooks County, TX
48049	Brown County, TX
48051	Burleson County, TX
48055	Caldwell County, TX
48057	Calhoun County, TX
48059	Callahan County, TX
48061	Cameron County, TX
48063	Camp County, TX
48065	Carson County, TX
48071	Chambers County, TX
48073	Cherokee County, TX
48077	Clay County, TX
48079	Cochran County, TX
48085	Collin County, TX
48091	Comal County, TX
48097	Cooke County, TX
48099	Coryell County, TX
48107	Crosby County, TX
48113	Dallas County, TX
48115	Dawson County, TX
48117	Deaf Smith County, TX
48121	Denton County, TX
48135	Ector County, TX
48139	Ellis County, TX
48141	El Paso County, TX
48143	Erath County, TX
48145	Falls County, TX
48147	Fannin County, TX
48153	Floyd County, TX
48157	Fort Bend County, TX
48167	Galveston County, TX
48169	Garza County, TX
48171	Gillespie County, TX
48173	Glasscock County, TX
48175	Goliad County, TX
48179	Gray County, TX
48181	Grayson County, TX
48183	Gregg County, TX
48187	Guadalupe County, TX
48189	Hale County, TX
48199	Hardin County, TX
48201	Harris County, TX
48203	Harrison County, TX
48209	Hays County, TX
48213	Henderson County, TX
48215	Hidalgo County, TX
48219	Hockley County, TX
48221	Hood County, TX
48223	Hopkins County, TX
48227	Howard County, TX
48229	Hudspeth County, TX
48231	Hunt County, TX
48233	Hutchinson County, TX
48235	Irion County, TX
48245	Jefferson County, TX
48249	Jim Wells County, TX
48251	Johnson County, TX
48253	Jones County, TX
48257	Kaufman County, TX
48259	Kendall County, TX
48261	Kenedy County, TX
48265	Kerr County, TX
48273	Kleberg County, TX
48277	Lamar County, TX
48281	Lampasas County, TX
48291	Liberty County, TX
48303	Lubbock County, TX
48305	Lynn County, TX
48309	McLennan County, TX
48317	Martin County, TX
48321	Matagorda County, TX
48323	Maverick County, TX
48325	Medina County, TX
48329	Midland County, TX
48339	Montgomery County, TX
48341	Moore County, TX
48343	Morris County, TX
48347	Nacogdoches County, TX
48349	Navarro County, TX
48351	Newton County, TX
48353	Nolan County, TX
48355	Nueces County, TX
48359	Oldham County, TX
48361	Orange County, TX
48363	Palo Pinto County, TX
48367	Parker County, TX
48375	Potter County, TX
48381	Randall County, TX
48387	Red River County, TX
48389	Reeves County, TX
48393	Roberts County, TX
48395	Robertson County, TX
48397	Rockwall County, TX
48401	Rusk County, TX
48407	San Jacinto County, TX
48409	San Patricio County, TX
48415	Scurry County, TX
48423	Smith County, TX
48425	Somervell County, TX
48427	Starr County, TX
48439	Tarrant County, TX
48441	Taylor County, TX
48449	Titus County, TX
48451	Tom Green County, TX
48453	Travis County, TX
48455	Trinity County, TX
48459	Upshur County, TX
48463	Uvalde County, TX
48465	Val Verde County, TX
48469	Victoria County, TX
48471	Walker County, TX
48473	Waller County, TX
48477	Washington County, TX
48479	Webb County, TX
48481	Wharton County, TX
48485	Wichita County, TX
48487	Wilbarger County, TX
48489	Willacy County, TX
48491	Williamson County, TX
48493	Wilson County, TX
48497	Wise County, TX
48505	Zapata County, TX
49003	Box Elder County, UT
49005	Cache County, UT
49007	Carbon County, UT
49011	Davis County, UT
49021	Iron County, UT
49023	Juab County, UT
49029	Morgan County, UT
49033	Rich County, UT
49035	Salt Lake County, UT
49043	Summit County, UT
49045	Tooele County, UT
49047	Uintah County, UT
49049	Utah County, UT
49051	Wasatch County, UT
49053	Washington County, UT
49057	Weber County, UT
50003	Bennington County, VT
50007	Chittenden County, VT
50009	Essex County, VT
50011	Franklin County, VT
50013	Grand Isle County, VT
50017	Orange County, VT
50021	Rutland County, VT
50023	Washington County, VT
50025	Windham County, VT
50027	Windsor County, VT
51003	Albemarle County, VA
51007	Amelia County, VA
51009	Amherst County, VA
51011	Appomattox County, VA
51013	Arlington County, VA
51015	Augusta County, VA
51019	Bedford County, VA
51023	Botetourt County, VA
51029	Buckingham County, VA
51031	Campbell County, VA
51033	Caroline County, VA
51036	Charles City County, VA
51041	Chesterfield County, VA
51043	Clarke County, VA
51045	Craig County, VA
51047	Culpeper County, VA
51051	Dickenson County, VA
51053	Dinwiddie County, VA
51059	Fairfax County, VA
51061	Fauquier County, VA
51063	Floyd County, VA
51065	Fluvanna County, VA
51067	Franklin County, VA
51069	Frederick County, VA
51071	Giles County, VA
51073	Gloucester County, VA
51075	Goochland County, VA
51079	Greene County, VA
51085	Hanover County, VA
51087	Henrico County, VA
51089	Henry County, VA
51093	Isle of Wight County, VA
51095	James City County, VA
51097	King and Queen County, VA
51101	King William County, VA
51107	Loudoun County, VA
51115	Mathews County, VA
51121	Montgomery County, VA
51125	Nelson County, VA
51127	New Kent County, VA
51137	Orange County, VA
51143	Pittsylvania County, VA
51145	Powhatan County, VA
51149	Prince George County, VA
51153	Prince William County, VA
51155	Pulaski County, VA
51157	Rappahannock County, VA
51161	Roanoke County, VA
51165	Rockingham County, VA
51169	Scott County, VA
51177	Spotsylvania County, VA
51179	Stafford County, VA
51181	Surry County, VA
51183	Sussex County, VA
51185	Tazewell County, VA
51187	Warren County, VA
51191	Washington County, VA
51195	Wise County, VA
51199	York County, VA
51510	Alexandria city, VA
51515	Bedford city, VA
51520	Bristol city, VA
51540	Charlottesville city, VA
51550	Chesapeake city, VA
51570	Colonial Heights city, VA
51590	Danville city, VA
51600	Fairfax city, VA
51610	Falls Church city, VA
51630	Fredericksburg city, VA
51650	Hampton city, VA
51660	Harrisonburg city, VA
51670	Hopewell city, VA
51680	Lynchburg city, VA
51683	Manassas city, VA
51685	Manassas Park city, VA
51690	Martinsville city, VA
51700	Newport News city, VA
51710	Norfolk city, VA
51720	Norton city, VA
51730	Petersburg city, VA
51735	Poquoson city, VA
51740	Portsmouth city, VA
51750	Radford city, VA
51760	Richmond city, VA
51770	Roanoke city, VA
51775	Salem city, VA
51790	Staunton city, VA
51800	Suffolk city, VA
51810	Virginia Beach city, VA
51820	Waynesboro city, VA
51830	Williamsburg city, VA
51840	Winchester city, VA
53001	Adams County, WA
53003	Asotin County, WA
53005	Benton County, WA
53007	Chelan County, WA
53009	Clallam County, WA
53011	Clark County, WA
53013	Columbia County, WA
53015	Cowlitz County, WA
53017	Douglas County, WA
53021	Franklin County, WA
53025	Grant County, WA
53027	Grays Harbor County, WA
53029	Island County, WA
53031	Jefferson County, WA
53033	King County, WA
53035	Kitsap County, WA
53037	Kittitas County, WA
53041	Lewis County, WA
53045	Mason County, WA
53051	Pend Oreille County, WA
53053	Pierce County, WA
53057	Skagit County, WA
53059	Skamania County, WA
53061	Snohomish County, WA
53063	Spokane County, WA
53065	Stevens County, WA
53067	Thurston County, WA
53071	Walla Walla County, WA
53073	Whatcom County, WA
53075	Whitman County, WA
53077	Yakima County, WA
54003	Berkeley County, WV
54005	Boone County, WV
54009	Brooke County, WV
54011	Cabell County, WV
54015	Clay County, WV
54017	Doddridge County, WV
54019	Fayette County, WV
54027	Hampshire County, WV
54029	Hancock County, WV
54033	Harrison County, WV
54037	Jefferson County, WV
54039	Kanawha County, WV
54043	Lincoln County, WV
54045	Logan County, WV
54049	Marion County, WV
54051	Marshall County, WV
54053	Mason County, WV
54055	Mercer County, WV
54057	Mineral County, WV
54061	Monongalia County, WV
54065	Morgan County, WV
54069	Ohio County, WV
54077	Preston County, WV
54079	Putnam County, WV
54081	Raleigh County, WV
54083	Randolph County, WV
54091	Taylor County, WV
54099	Wayne County, WV
54105	Wirt County, WV
54107	Wood County, WV
55005	Barron County, WI
55009	Brown County, WI
55015	Calumet County, WI
55017	Chippewa County, WI
55021	Columbia County, WI
55025	Dane County, WI
55027	Dodge County, WI
55031	Douglas County, WI
55033	Dunn County, WI
55035	Eau Claire County, WI
55037	Florence County, WI
55039	Fond du Lac County, WI
55043	Grant County, WI
55045	Green County, WI
55049	Iowa County, WI
55055	Jefferson County, WI
55059	Kenosha County, WI
55061	Kewaunee County, WI
55063	La Crosse County, WI
55069	Lincoln County, WI
55071	Manitowoc County, WI
55073	Marathon County, WI
55075	Marinette County, WI
55078	Menominee County, WI
55079	Milwaukee County, WI
55081	Monroe County, WI
55083	Oconto County, WI
55087	Outagamie County, WI
55089	Ozaukee County, WI
55093	Pierce County, WI
55097	Portage County, WI
55101	Racine County, WI
55105	Rock County, WI
55109	St. Croix County, WI
55111	Sauk County, WI
55115	Shawano County, WI
55117	Sheboygan County, WI
55123	Vernon County, WI
55127	Walworth County, WI
55131	Washington County, WI
55133	Waukesha County, WI
55139	Winnebago County, WI
55141	Wood County, WI
56001	Albany County, WY
56005	Campbell County, WY
56013	Fremont County, WY
56021	Laramie County, WY
56025	Natrona County, WY
56029	Park County, WY
56033	Sheridan County, WY
56037	Sweetwater County, WY
56039	Teton County, WY
56041	Uinta County, WY
72001	Adjuntas Municipio, PR
72003	Aguada Municipio, PR
72005	Aguadilla Municipio, PR
72007	Aguas Buenas Municipio, PR
72009	Aibonito Municipio, PR
72011	A√±asco Municipio, PR
72013	Arecibo Municipio, PR
72015	Arroyo Municipio, PR
72017	Barceloneta Municipio, PR
72019	Barranquitas Municipio, PR
72021	Bayam√≥n Municipio, PR
72023	Cabo Rojo Municipio, PR
72025	Caguas Municipio, PR
72027	Camuy Municipio, PR
72029	Can√≥vanas Municipio, PR
72031	Carolina Municipio, PR
72033	Cata√±o Municipio, PR
72035	Cayey Municipio, PR
72037	Ceiba Municipio, PR
72039	Ciales Municipio, PR
72041	Cidra Municipio, PR
72043	Coamo Municipio, PR
72045	Comer√≠o Municipio, PR
72047	Corozal Municipio, PR
72051	Dorado Municipio, PR
72053	Fajardo Municipio, PR
72054	Florida Municipio, PR
72055	Gu√°nica Municipio, PR
72057	Guayama Municipio, PR
72059	Guayanilla Municipio, PR
72061	Guaynabo Municipio, PR
72063	Gurabo Municipio, PR
72065	Hatillo Municipio, PR
72067	Hormigueros Municipio, PR
72069	Humacao Municipio, PR
72071	Isabela Municipio, PR
72073	Jayuya Municipio, PR
72075	Juana D√≠az Municipio, PR
72077	Juncos Municipio, PR
72079	Lajas Municipio, PR
72081	Lares Municipio, PR
72085	Las Piedras Municipio, PR
72087	Lo√≠za Municipio, PR
72089	Luquillo Municipio, PR
72091	Manat√≠ Municipio, PR
72095	Maunabo Municipio, PR
72097	Mayag√ºez Municipio, PR
72099	Moca Municipio, PR
72101	Morovis Municipio, PR
72103	Naguabo Municipio, PR
72105	Naranjito Municipio, PR
72107	Orocovis Municipio, PR
72109	Patillas Municipio, PR
72111	Pe√±uelas Municipio, PR
72113	Ponce Municipio, PR
72115	Quebradillas Municipio, PR
72117	Rinc√≥n Municipio, PR
72119	R√≠o Grande Municipio, PR
72121	Sabana Grande Municipio, PR
72123	Salinas Municipio, PR
72125	San Germ√°n Municipio, PR
72127	San Juan Municipio, PR
72129	San Lorenzo Municipio, PR
72131	San Sebasti√°n Municipio, PR
72133	Santa Isabel Municipio, PR
72135	Toa Alta Municipio, PR
72137	Toa Baja Municipio, PR
72139	Trujillo Alto Municipio, PR
72141	Utuado Municipio, PR
72143	Vega Alta Municipio, PR
72145	Vega Baja Municipio, PR
72149	Villalba Municipio, PR
72151	Yabucoa Municipio, PR
72153	Yauco Municipio, PR